ticker,company,sector,industry,country,business_model,investment_thesis,moat_score,valuation_type,growth_driver,risk_factor,investment_stage,investor_rating,last_update
MSFT,Microsoft,Technology,Software,USA,Enterprise software and cloud platform,Cloud AI ecosystem and enterprise software growth driven by Azure Office and AI integration,5,Growth,Azure AI Copilot cloud services enterprise AI adoption,AI competition cloud competition regulation,MATURE,90,2026-08-10
NVDA,NVIDIA,Technology,Semiconductors,USA,GPU and AI computing platform,AI infrastructure growth driven by GPUs CUDA ecosystem and data center demand,5,Growth,AI servers Blackwell architecture CUDA ecosystem,High valuation semiconductor competition supply chain risk,GROWTH,90,2026-08-10
RKLB,Rocket Lab,Industrials,Commercial Space,USA,Space launch and satellite platform services,Commercial space industry growth driven by launch services satellite systems and space infrastructure expansion,2,Growth,Electron Neutron rocket satellite platforms defense space demand,Execution risk capital requirements competition from SpaceX,EARLY_GROWTH,75,2026-08-10
TSLA,Tesla Inc.,Automotive,Electric Vehicles and Autonomous Driving,United States,Electric vehicle energy storage and autonomous driving technology company,Long term growth opportunity from EV adoption autonomous driving robotics and energy business expansion,4,Growth,Autonomous driving; Robotaxi; Energy storage; EV ecosystem,Competition; Valuation volatility; Execution risk,GROWTH,88,2026-08-11
ASML,ASML Holding N.V.,Semiconductor Equipment,Lithography Systems,Netherlands,Critical semiconductor equipment provider specializing in advanced lithography systems,Unique EUV technology creates strategic importance in advanced semiconductor manufacturing and AI chip supply chain,5,Value,Advanced semiconductor manufacturing; AI semiconductor demand; Technology leadership,Export restrictions; Semiconductor cycle; Customer concentration,MATURE,95,2026-08-11
AMD,Advanced Micro Devices Inc.,Semiconductor,CPU GPU and AI Accelerators,United States,Semiconductor company developing CPUs GPUs and AI acceleration products,Competitive semiconductor company benefiting from AI accelerator growth and data center demand,4,Growth,AI accelerator market; Data center growth; Server CPU expansion,Competition with NVIDIA and Intel; Product execution risk,GROWTH,82,2026-08-11
TSM,Taiwan Semiconductor Manufacturing Co.,Semiconductor,Foundry Manufacturing,Taiwan,World leading semiconductor foundry manufacturing advanced chips for global technology companies,Essential semiconductor infrastructure company benefiting from AI chip demand and advanced manufacturing leadership,5,Value,AI chip production; Advanced nodes; Semiconductor ecosystem,Geopolitical risk; Semiconductor cycle; Customer concentration,MATURE,93,2026-08-11
GOOGL,Alphabet Inc.,Technology,Internet Software and AI Platform,United States,Global technology platform operating search cloud advertising and AI services,Large scale AI platform company with strong data assets cloud infrastructure and ecosystem advantages,5,Growth,Gemini AI; Google Cloud; AI services expansion,AI competition; Regulatory pressure; Search disruption,MATURE,92,2026-08-11
AVGO,Broadcom Inc.,Technology,Semiconductors,United States,Semiconductor and infrastructure software company providing connectivity networking custom silicon and enterprise software,Long-term beneficiary of AI infrastructure growth through networking custom accelerators and diversified infrastructure software assets,5,Growth,AI networking demand; Custom accelerator growth; Data center expansion; Infrastructure software cash flow,Semiconductor cycle; Customer concentration; Integration execution risk; Valuation risk,GROWTH,92,2026-08-11
AMZN,Amazon.com Inc.,Technology,Cloud and E-Commerce,United States,Cloud computing e-commerce logistics advertising and digital services platform,AWS cloud leadership advertising growth and AI infrastructure investment provide multiple long-term growth engines supported by scale and logistics advantages,5,Growth,AWS cloud growth; AI infrastructure demand; Advertising growth; Logistics efficiency,Large capital spending; Cloud competition; Regulatory risk; Retail margin pressure,GROWTH,93,2026-08-11
META,Meta Platforms Inc.,Technology,Internet Platforms and Advertising,United States,Global social media advertising and digital platform company operating large-scale consumer networks and AI infrastructure,Massive user networks advertising data and AI investment create strong long-term platform economics and monetization opportunities,5,Growth,AI-driven advertising efficiency; User engagement; Messaging monetization; AI platform development,Regulatory pressure; Large AI capital expenditure; Advertising cyclicality; Platform competition,GROWTH,91,2026-08-11
AAPL,Apple Inc.,Technology,Consumer Electronics and Services,United States,Consumer technology ecosystem combining devices operating systems services and digital distribution,Powerful brand installed base ecosystem integration and high switching costs support durable cash generation and long-term services growth,5,Value,Services growth; Installed base monetization; Device ecosystem expansion; AI-enabled products,Hardware maturity; China exposure; Regulatory pressure; Premium valuation,MATURE,92,2026-08-11
CRWD,CrowdStrike Holdings Inc.,Technology,Cybersecurity Software,United States,Cloud-native cybersecurity platform providing endpoint identity cloud workload and threat intelligence services,Platform consolidation recurring subscriptions and expanding cybersecurity demand support long-term growth with strong customer retention,4,Growth,Cybersecurity spending; Platform consolidation; Cloud security growth; AI-assisted threat detection,High valuation; Cybersecurity competition; Execution risk; Operational incident risk,GROWTH,87,2026-08-11
SHOP,Shopify Inc.,Technology,E-Commerce Software,Canada,Commerce software platform providing merchants with online storefront payments fulfillment and business services,Merchant ecosystem payments adoption and international commerce expansion provide long-term growth opportunities with platform economics,4,Growth,Merchant growth; Payments penetration; Enterprise adoption; International expansion,Competitive pressure; Consumer spending sensitivity; Valuation risk; Execution complexity,GROWTH,84,2026-08-11
ASTS,AST SpaceMobile Inc.,Communication,Satellite Communications,United States,Satellite communications company developing direct-to-device broadband connectivity through a space-based cellular network,Potential global direct-to-device connectivity market creates substantial long-term opportunity if deployment technology and commercial partnerships scale successfully,2,Growth,Satellite network deployment; Carrier partnerships; Global connectivity demand; Direct-to-device adoption,Execution risk; Capital requirements; Launch risk; Regulatory risk; Competition,SPECULATIVE,74,2026-08-11
LMT,Lockheed Martin Corporation,Industrials,Aerospace and Defense,United States,Global aerospace and defense contractor providing military aircraft missiles space systems sensors and defense technology,Large defense backlog strategic government relationships and mission-critical platforms support durable long-term cash flows and aerospace exposure,5,Value,Defense spending; Missile demand; Aerospace systems; Space programs; International security demand,Government budget dependence; Program execution risk; Cost overruns; Political risk,MATURE,88,2026-08-11
PACS,PACS Group Inc.,Healthcare,Healthcare Services,United States,Healthcare services company operating skilled nursing and post-acute care facilities with technology-enabled healthcare operations,Long-term opportunity comes from healthcare demand growth operational improvements and potential technology-enabled efficiency gains in post-acute care services,2,Growth,Aging population; Healthcare demand growth; Operational optimization; Technology adoption,Regulatory risk; Healthcare reimbursement pressure; Operational execution risk; Margin pressure,GROWTH,76,2026-08-11
FIG,Figma Inc.,Technology,Software,United States,Collaborative design and product development software platform used by designers developers and enterprises,Strong developer ecosystem collaboration network effects and enterprise workflow integration provide long-term software platform potential,3,Growth,Enterprise software adoption; Collaborative design workflows; AI-assisted product development; Developer ecosystem,Competition from large software platforms; Recent listing history; Valuation uncertainty; Execution risk,EARLY_GROWTH,78,2026-08-11
RDDT,Reddit Inc.,Communication Services,Digital Platforms,United States,Online community platform with large user-generated content database and advertising ecosystem,Unique community data assets and AI-related data licensing opportunities create potential long-term platform value,3,Growth,AI data licensing; Advertising growth; User engagement; Community expansion,Monetization uncertainty; Content moderation risk; Competition from other platforms; User growth volatility,GROWTH,80,2026-08-11
TEM,Tempus AI Inc.,Healthcare,Healthcare Services,United States,AI-enabled healthcare technology company providing clinical data analytics and precision medicine solutions,Potential to transform healthcare decision-making through artificial intelligence and large-scale clinical data networks,2,Growth,AI healthcare adoption; Clinical data network; Precision medicine; Healthcare partnerships,Profitability uncertainty; Regulatory risk; Data privacy risk; Commercial execution risk,SPECULATIVE,72,2026-08-11
PLTR,Palantir Technologies Inc.,Technology,Software,United States,Enterprise software platform providing data integration analytics and AI-driven decision systems for governments and enterprises,Strong software platform capabilities AI adoption and expanding commercial business support long-term growth potential,5,Growth,Artificial intelligence platform adoption; Government contracts; Enterprise AI deployment; Data analytics demand,High valuation; Government dependency; Competition; Growth expectations risk,GROWTH,90,2026-08-11
NET,Cloudflare Inc.,Technology,Software,United States,Cloud connectivity security and developer platform providing internet infrastructure services,Global edge network developer ecosystem and cybersecurity capabilities create a scalable infrastructure platform,4,Growth,AI application infrastructure; Cybersecurity demand; Edge computing; Developer platform growth,High valuation; Competition; Infrastructure spending cycles; Execution risk,GROWTH,86,2026-08-11
MU,Micron Technology Inc.,Technology,Semiconductors,United States,Memory semiconductor manufacturer providing DRAM NAND and advanced memory solutions,AI computing demand increases long-term requirements for high-performance memory and data center capacity,4,Cyclical,AI memory demand; HBM growth; Data center expansion; Semiconductor recovery,Memory cycle volatility; Pricing pressure; Capital intensity; Semiconductor downturn risk,CYCLICAL,82,2026-08-11
LULU,Lululemon Athletica Inc.,Consumer,Consumer Brand,Canada,Premium athletic apparel brand with direct-to-consumer retail and community-driven customer relationships,Strong brand equity product innovation and customer loyalty provide durable consumer franchise advantages,5,Value,Brand expansion; International growth; Digital commerce; Product innovation,Consumer spending slowdown; Competition; Fashion trend risk; China market exposure,MATURE,88,2026-08-11
ISRG,Intuitive Surgical Inc.,Healthcare,Medical Technology,United States,Medical technology company developing robotic-assisted surgery systems and related healthcare solutions,Large installed base recurring instruments revenue and surgical robotics leadership create long-term healthcare technology advantages,5,Growth,Robotic surgery adoption; Procedure growth; International expansion; Healthcare technology demand,High valuation; Competition; Healthcare regulation; Procedure growth slowdown,MATURE,91,2026-08-11
ARM,Arm Holdings plc,Technology,Semiconductors,United States,Semiconductor intellectual property company earning license fees and per-chip royalties from chip designers and technology companies,Extensive compute architecture adoption and a broad software ecosystem support a durable role across mobile data center automotive and AI markets,5,Growth,Armv9 adoption; Data center expansion; Edge AI growth; Custom silicon demand,Customer concentration; Semiconductor cycles; Architecture competition; China exposure,GROWTH,88,2026-08-11
SNOW,Snowflake Inc.,Technology,Software,United States,Cloud data platform charging enterprises for consumption of compute storage and data transfer resources,Multi-cloud data architecture and expanding enterprise workloads provide a long-term opportunity in analytics data sharing and AI applications,3,Growth,Enterprise data migration; AI workloads; Application ecosystem; International adoption,Cloud platform competition; Consumption volatility; High valuation; Execution risk,GROWTH,82,2026-08-11
CRM,Salesforce Inc.,Technology,Software,United States,Enterprise customer relationship management platform generating subscription support and professional services revenue,Large installed base integrated applications and customer data workflows create switching costs and a durable enterprise software position,4,Growth,AI agent adoption; Data Cloud expansion; Cross-selling; International growth,Enterprise software competition; Integration execution; IT spending sensitivity; AI monetization risk,MATURE,87,2026-08-11
ORCL,Oracle Corporation,Technology,Cloud & platform,United States,Enterprise technology company selling cloud infrastructure applications database software licenses support hardware and services,Mission-critical databases high switching costs and growing cloud infrastructure demand support a durable enterprise technology franchise,5,Growth,Cloud infrastructure demand; Database migration; AI computing capacity; Enterprise application growth,Cloud competition; Capital spending requirements; Large contract timing; Integration execution,MATURE,88,2026-08-11
ADBE,Adobe Inc.,Technology,Software,United States,Creative and digital experience software company generating recurring subscriptions from individuals professionals and enterprises,Industry-standard creative tools integrated workflows and a large user ecosystem support durable pricing power and recurring revenue,5,Growth,Generative AI adoption; Creative Cloud expansion; Document productivity; Digital experience growth,Generative AI disruption; Software competition; Enterprise spending sensitivity; Regulatory risk,MATURE,89,2026-08-11
LLY,Eli Lilly and Company,Healthcare,Pharmaceuticals & biotech,United States,Research-based pharmaceutical company discovering developing manufacturing and selling medicines to healthcare providers wholesalers and government programs,Strong research capabilities established commercial infrastructure and leadership in metabolic disease support durable pharmaceutical innovation and pipeline growth,5,Growth,Metabolic disease demand; New medicine launches; Pipeline development; International expansion,Clinical trial failure; Patent expiration; Drug pricing pressure; Manufacturing capacity risk,MATURE,92,2026-08-11
REGN,Regeneron Pharmaceuticals Inc.,Healthcare,Pharmaceuticals & biotech,United States,Biotechnology company earning revenue from medicine sales collaboration profit sharing manufacturing supply and royalties,Proprietary antibody and genetics research platforms combined with commercial partnerships support sustained innovation across multiple therapeutic areas,5,Growth,Antibody platform productivity; Pipeline approvals; Collaboration expansion; New therapeutic areas,Clinical and regulatory failure; Product concentration; Collaboration dependence; Patent competition,GROWTH,89,2026-08-11
UNH,UnitedHealth Group Incorporated,Healthcare,Healthcare services,United States,Integrated healthcare company earning insurance premiums and fees from care delivery pharmacy benefits data analytics and administrative services,Scale provider networks integrated health services and data capabilities support a durable position across healthcare financing and delivery,5,Value,Value-based care adoption; Medicare demand; Optum service expansion; Healthcare data capabilities,Regulatory scrutiny; Medical cost inflation; Reimbursement changes; Operational and cybersecurity risk,MATURE,84,2026-08-11
APP,AppLovin Corporation,Communication Services,Digital platforms,United States,AI-powered advertising software company charging advertisers for automated user acquisition engagement and monetization solutions,Scaled advertising data predictive technology and integrated advertiser tools support a strong position in mobile application monetization,4,Growth,Axon AI adoption; E-commerce advertising expansion; Mobile monetization demand; Connected television growth,Advertising cyclicality; Platform dependence; Intense competition; High valuation,GROWTH,84,2026-08-11
IRDM,Iridium Communications Inc.,Industrials,Commercial space,United States,Satellite communications company earning recurring service fees plus revenue from subscriber equipment and engineering support for commercial and government customers,Global satellite coverage specialized spectrum and mission-critical connectivity support durable recurring communication services,4,Growth,IoT subscriber growth; Government services; Direct-to-device opportunities; Positioning and timing services,Satellite replacement costs; Network disruption; Government concentration; Technology competition,MATURE,82,2026-08-11
GSAT,Globalstar Inc.,Industrials,Commercial space,United States,Satellite communications company generating service revenue from wholesale capacity IoT connectivity consumer subscriptions and equipment sales,Strategic spectrum and satellite infrastructure combined with major partnerships create long-term connectivity opportunities if the network expansion succeeds,3,Growth,Wholesale satellite capacity; Direct-to-device services; IoT adoption; Government partnerships,Deployment execution; Capital requirements; Customer concentration; Commercial uncertainty,SPECULATIVE,73,2026-08-11
UBER,Uber Technologies Inc.,Consumer,Consumer & internet,United States,Global technology platform connecting consumers with mobility drivers delivery couriers merchants and freight carriers while earning transaction and service fees,Large two-sided networks global scale and cross-platform engagement support durable advantages across mobility delivery and logistics,4,Growth,Mobility adoption; Delivery expansion; Advertising growth; Autonomous vehicle partnerships,Regulatory changes; Platform competition; Driver economics; Autonomous driving disruption,GROWTH,86,2026-08-11
RBLX,Roblox Corporation,Communication Services,Digital platforms,United States,Interactive digital platform earning revenue through virtual currency purchases advertising and services within a user-created experience ecosystem,Network effects between users and creators plus proprietary creation tools support long-term engagement and virtual economy growth,4,Growth,User engagement; Creator monetization; Advertising adoption; International and older-user growth,Platform safety requirements; Monetization execution; Competition; Infrastructure costs,GROWTH,80,2026-08-11
MRVL,Marvell Technology Inc.,Technology,Semiconductors,United States,Semiconductor company selling data infrastructure chips custom silicon and networking products to cloud telecom enterprise and automotive customers,Data center connectivity expertise custom silicon capabilities and deep customer relationships support a durable role in expanding AI infrastructure,4,Growth,AI data center networking; Custom silicon adoption; High-speed connectivity; Cloud infrastructure investment,Semiconductor cycles; Intense competition; Customer concentration; Product execution,GROWTH,84,2026-08-11
CRDO,Credo Technology Group Holding Ltd.,Technology,Semiconductors,United States,Semiconductor company selling high-speed connectivity chips active electrical cables and intellectual property to data center and networking customers,Specialized signal processing technology and growing hyperscale adoption position the company to benefit from rising AI data center bandwidth requirements,3,Growth,AI cluster bandwidth demand; High-speed interconnect adoption; Hyperscale data center expansion,Customer concentration; Technology competition; Product transitions; Semiconductor cycles,GROWTH,80,2026-08-11
QCOM,Qualcomm Incorporated,Technology,Semiconductors,United States,Wireless technology company earning revenue from semiconductor sales and licensing cellular intellectual property to device and automotive manufacturers,Leading wireless intellectual property and a broad edge computing platform support long-term opportunities across devices automotive and on-device AI,4,Growth,Edge AI adoption; Automotive platforms; Connected devices; Advanced wireless standards,Smartphone cycles; Semiconductor competition; Customer concentration; Licensing disputes,MATURE,84,2026-08-11
INTC,Intel Corporation,Technology,Semiconductors,United States,Semiconductor company selling processors accelerators and platform products while providing contract chip manufacturing services,Large installed CPU ecosystem manufacturing assets and strategic importance provide turnaround potential if product and foundry execution improves,3,Cyclical,Data center platform renewal; AI accelerators; Foundry expansion; Advanced manufacturing execution,Manufacturing execution; Competitive pressure; High capital requirements; Semiconductor cycles,CYCLICAL,72,2026-08-11
WDC,Western Digital Corporation,Technology,Storage & optical hardware,United States,Data storage company selling hard disk drives and related storage products to cloud enterprise and consumer customers,Established storage technology customer relationships and scale provide exposure to long-term data growth and AI infrastructure storage demand,3,Cyclical,Cloud storage demand; AI data growth; Enterprise capacity expansion; Higher-capacity drives,Storage pricing pressure; Industry cycles; Technology transitions; Customer concentration,CYCLICAL,75,2026-08-11
STX,Seagate Technology Holdings plc,Technology,Storage & optical hardware,United States,Data storage company selling hard disk drives and storage systems to cloud service providers enterprises and hardware manufacturers,Scale engineering expertise and leadership in high-capacity drives support a durable role in cost-efficient enterprise and cloud data storage,3,Cyclical,Cloud data growth; High-capacity drive adoption; AI storage demand; Enterprise infrastructure spending,SSD competition; Storage cycles; Pricing pressure; Product transition execution,CYCLICAL,76,2026-08-11
NOW,ServiceNow Inc.,Technology,Software,United States,Enterprise software company generating subscription revenue from cloud workflows automation tools and digital service management applications,Mission-critical workflows high switching costs and an expanding platform support durable enterprise adoption and long-term AI automation opportunities,5,Growth,AI workflow automation; Platform expansion; Cross-selling; Enterprise digital transformation,High valuation; Enterprise spending sensitivity; Software competition; AI monetization execution,MATURE,89,2026-08-11
IBM,International Business Machines Corporation,Technology,Cloud & platform,United States,Enterprise technology company selling software hybrid cloud infrastructure consulting and AI services to large organizations,Deep enterprise relationships mission-critical systems and hybrid cloud capabilities support a durable role in complex regulated technology environments,4,Value,Hybrid cloud adoption; Enterprise AI services; Software growth; Consulting demand,Slow growth; Cloud competition; Consulting cyclicality; Technology transition execution,MATURE,83,2026-08-11
ADSK,Autodesk Inc.,Technology,Software,United States,Design software company earning subscription revenue from architects engineers manufacturers construction firms and media professionals,Industry-standard design tools embedded workflows and broad file compatibility create switching costs across engineering construction and manufacturing customers,5,Growth,Cloud design adoption; Industrial AI applications; Construction digitization; Manufacturing automation,High valuation; Enterprise adoption pace; Software competition; Product transition execution,MATURE,87,2026-08-11
KTOS,Kratos Defense & Security Solutions Inc.,Industrials,Aerospace & defense,United States,Defense technology company selling unmanned systems propulsion products satellite communications and mission systems primarily to government customers,Specialized autonomous defense capabilities and participation in strategic modernization programs provide a long-term growth opportunity,3,Growth,Autonomous defense systems; Government modernization; Drone programs; Space and propulsion demand,Government contract timing; Program execution; Customer concentration; Supply chain constraints,GROWTH,79,2026-08-11
PL,Planet Labs PBC,Industrials,Commercial space,United States,Earth observation company earning subscription and contract revenue from satellite imagery data products and analytics sold to commercial and government customers,A large imaging constellation and frequently refreshed geospatial data create a differentiated platform for monitoring global economic and environmental activity,3,Growth,Government demand; Geospatial analytics adoption; Commercial subscriptions; Satellite data applications,Commercialization execution; Competition; Satellite replacement costs; Customer concentration,EARLY_GROWTH,72,2026-08-11
LUNR,Intuitive Machines Inc.,Industrials,Commercial space,United States,Space services company earning contract revenue from lunar delivery infrastructure communications and engineering missions for government and commercial customers,Early lunar mission experience and strategic government relationships provide an opportunity to build a commercial lunar infrastructure platform,2,Growth,Lunar exploration programs; Government contracts; Communications infrastructure; Commercial payload demand,Early-stage execution; Capital requirements; Mission failure risk; Contract concentration,SPECULATIVE,70,2026-08-11
SKHY,SK hynix Inc.,Technology,Semiconductors,South Korea,Memory semiconductor company selling DRAM NAND flash and high-bandwidth memory to device data center and AI accelerator customers,Manufacturing scale advanced memory expertise and leadership in high-bandwidth memory support a strategic role in AI computing infrastructure,4,Cyclical,AI accelerator memory demand; High-bandwidth memory adoption; Data center expansion; Advanced packaging,Memory cycles; Customer concentration; Semiconductor competition; Manufacturing execution,CYCLICAL,85,2026-08-11
CSCO,Cisco Systems Inc.,Technology,Cloud & platform,United States,Enterprise technology company selling networking hardware security products infrastructure software subscriptions and support services,A large installed base trusted enterprise relationships and integrated networking software support a durable role in secure enterprise AI connectivity,4,Value,AI data center networking; Security subscriptions; Network modernization; Infrastructure software adoption,Slower growth; Cloud competition; Networking architecture changes; Enterprise spending sensitivity,MATURE,84,2026-08-11
SNDK,Sandisk Corporation,Technology,Storage & optical hardware,United States,Data storage company selling NAND flash memory solid-state drives and embedded storage products to consumer enterprise and data center customers,Flash technology expertise established customer relationships and broad storage products provide exposure to rising data workloads and AI storage demand,3,Cyclical,AI data growth; Data center storage demand; Solid-state drive adoption; Embedded storage expansion,Storage price cycles; Intense competition; Margin pressure; Manufacturing execution,CYCLICAL,74,2026-08-11
AMBA,Ambarella Inc.,Technology,Semiconductors,United States,Semiconductor company selling low-power edge AI processors and computer vision systems to automotive security robotics and embedded device manufacturers,Specialized computer vision intellectual property and power-efficient processing capabilities position the company for expanding edge AI applications,3,Growth,Edge AI adoption; Automotive vision systems; Robotics; Intelligent security devices,Semiconductor competition; Adoption speed; Customer concentration; Product execution,GROWTH,77,2026-08-11
TXN,Texas Instruments Incorporated,Technology,Semiconductors,United States,Semiconductor company selling analog and embedded processing chips to industrial automotive communications and consumer electronics customers,Broad product depth manufacturing scale and long customer design cycles create durable advantages across essential electronic infrastructure,5,Value,Industrial automation; Automotive electronics; Factory capacity expansion; Increasing semiconductor content,Industrial cycles; Inventory correction; Semiconductor competition; Capital intensity,MATURE,88,2026-08-11
NXPI,NXP Semiconductors N.V.,Technology,Semiconductors,Netherlands,Semiconductor company selling automotive industrial connectivity security and embedded computing products to manufacturers and system suppliers,Deep automotive relationships embedded processing expertise and secure connectivity capabilities support a durable role in intelligent vehicles and industrial systems,4,Growth,Vehicle electrification; Advanced driver assistance; Industrial connectivity; Edge computing,Automotive cycles; Semiconductor competition; Economic slowdown; Customer concentration,MATURE,84,2026-08-11
NBIS,Nebius Group N.V.,Technology,AI infrastructure,Netherlands,AI infrastructure company selling GPU cloud capacity managed computing platforms and related tools to AI developers and enterprise customers,Specialized engineering and expanding computing capacity provide an emerging position in the AI infrastructure supply chain if the platform scales efficiently,2,Growth,GPU cloud demand; AI model development; Computing capacity expansion; Enterprise AI workloads,Established cloud competition; Capital intensity; Execution risk; Technology and supplier dependence,EARLY_GROWTH,74,2026-08-11
CRWV,CoreWeave Inc.,Technology,AI infrastructure,United States,Specialized cloud company earning usage and contract revenue by providing GPU computing storage networking and software for AI workloads,Focused GPU infrastructure and workload expertise position the platform as a specialized supplier for AI model training and inference,3,Growth,AI training demand; Inference workloads; GPU capacity expansion; Enterprise cloud adoption,High infrastructure costs; Customer concentration; Competitive pressure; Financing and execution risk,EARLY_GROWTH,77,2026-08-11
NOC,Northrop Grumman Corporation,Industrials,Aerospace & defense,United States,Aerospace and defense company earning program and contract revenue from aircraft space systems mission technologies and strategic defense platforms,Technical expertise security qualifications and long-duration mission-critical programs support a durable strategic role in defense and space infrastructure,5,Value,Defense modernization; Space systems demand; Strategic deterrence programs; Autonomous mission technologies,Government contract dependence; Program execution; Budget cycles; Regulatory requirements,MATURE,90,2026-08-11
AVAV,AeroVironment Inc.,Industrials,Aerospace & defense,United States,Defense technology company selling unmanned aircraft loitering systems ground robotics and related services primarily to government customers,Specialized autonomous systems and operational experience position the company to benefit from defense modernization and rising demand for unmanned capabilities,4,Growth,Autonomous defense adoption; Drone demand; Defense modernization; International program expansion,Defense spending cycles; Competition; Contract dependence; Program execution,GROWTH,84,2026-08-11
LHX,L3Harris Technologies Inc.,Industrials,Aerospace & defense,United States,Defense technology company selling secure communications sensors electronic systems space payloads and aerospace products through government and commercial contracts,Mission-critical communications expertise installed systems and program relationships support a durable role in defense communication infrastructure,4,Value,Secure communications demand; Defense modernization; Space systems; Electronic warfare programs,Integration execution; Government contract dependence; Competition; Budget cycles,MATURE,85,2026-08-11
RTX,RTX Corporation,Industrials,Aerospace & defense,United States,Aerospace and defense company earning revenue from aircraft engines aerospace systems defense platforms missiles and aftermarket services,Large installed aerospace platforms advanced defense technologies and long program cycles support a durable position across global aerospace and defense markets,5,Value,Commercial aerospace recovery; Aftermarket services; Defense modernization; International security demand,Aerospace cycles; Regulatory requirements; Program execution; Supply chain constraints,MATURE,89,2026-08-11
AAOI,Applied Optoelectronics Inc.,Technology,Storage & optical hardware,United States,Optical technology company selling transceivers lasers and networking components to data center broadband and telecommunications customers,Vertical integration optical engineering and customer relationships position the company to benefit from high-speed data transmission demand in AI infrastructure,3,Growth,AI data center connectivity; Higher-speed optical modules; Cloud network expansion; Broadband upgrades,Customer concentration; Optical industry cycles; Competition; Product qualification and execution,GROWTH,78,2026-08-11
ONDS,Ondas Holdings Inc.,Industrials,Aerospace & defense,United States,Technology company selling industrial wireless networking systems autonomous drone platforms software and related services to commercial and government customers,Proprietary connectivity and autonomous system capabilities provide an early opportunity in industrial automation and mission-focused drone applications,2,Growth,Industrial automation; Autonomous drone adoption; Critical infrastructure monitoring; Government programs,Early commercialization; Execution risk; Competition; Customer and contract concentration,SPECULATIVE,69,2026-08-11
RDW,Redwire Corporation,Industrials,Commercial space,United States,Space infrastructure company earning contract revenue from spacecraft components power systems avionics structures and mission engineering services,Flight heritage specialized components and integrated space systems position the company as an enabling supplier to commercial and government space programs,3,Growth,Commercial space investment; Government missions; Satellite manufacturing; In-space infrastructure demand,Project execution; Government dependence; Industry maturity; Capital and integration requirements,EARLY_GROWTH,77,2026-08-11
BKSY,BlackSky Technology Inc.,Industrials,Commercial space,United States,Geospatial intelligence company selling satellite imagery monitoring subscriptions and analytics to government and commercial customers,High-frequency Earth observation combined with software analytics offers differentiated value for time-sensitive intelligence and operational monitoring,3,Growth,Government intelligence demand; Real-time monitoring; Analytics adoption; Commercial geospatial applications,Competition; Customer concentration; Commercialization execution; Satellite and capital requirements,EARLY_GROWTH,75,2026-08-11
SPIR,Spire Global Inc.,Industrials,Commercial space,United States,Satellite data company selling subscription analytics and information services for weather maritime aviation and government applications,A proprietary satellite constellation and specialized data sets support recurring information services across weather mobility and global monitoring markets,3,Growth,Weather intelligence demand; Maritime analytics; Aviation services; Government and commercial data adoption,Profitability execution; Competition; Capital requirements; Satellite replacement and customer concentration,EARLY_GROWTH,73,2026-08-11
