Date,Open,High,Low,Close,Volume
2024-06-27,79.25,82.36199951171875,79.05000305175781,81.79000091552734,2781100
2024-06-28,82.01000213623047,84.22000122070312,81.80000305175781,82.83000183105469,3732300
2024-07-01,82.6500015258789,84.12999725341797,81.19000244140625,83.94999694824219,1983000
2024-07-02,83.87999725341797,85.18000030517578,83.5,85.05000305175781,2222900
2024-07-03,85.37999725341797,85.61000061035156,84.52999877929688,84.52999877929688,1629100
2024-07-05,84.69000244140625,87.18000030517578,84.55000305175781,86.95999908447266,2077100
2024-07-08,86.26000213623047,86.86499786376953,84.52999877929688,84.87999725341797,2803100
2024-07-09,84.87999725341797,85.20500183105469,81.94000244140625,82.58000183105469,3134200
2024-07-10,82.9000015258789,82.9000015258789,79.9000015258789,82.37000274658203,2700800
2024-07-11,83.86000061035156,84.5,81.87000274658203,82.0199966430664,1917700
2024-07-12,81.69000244140625,82.98999786376953,81.26000213623047,82.20999908447266,1399600
2024-07-15,82.56999969482422,84.66000366210938,81.63500213623047,83.43000030517578,2415100
2024-07-16,83.77999877929688,84.69000244140625,82.72000122070312,83.94999694824219,2009200
2024-07-17,82.30000305175781,82.66000366210938,79.27999877929688,80.58000183105469,3125000
2024-07-18,81.01000213623047,81.20999908447266,77.68000030517578,78.5199966430664,3148800
2024-07-19,78.79000091552734,79.66999816894531,78.19000244140625,78.66000366210938,2336600
2024-07-22,79.37000274658203,79.58999633789062,77.72000122070312,78.66000366210938,1718400
2024-07-23,81.12000274658203,83.41999816894531,79.20999908447266,80.97000122070312,3313600
2024-07-24,79.5,80.25,75.58999633789062,76.0,3020700
2024-07-25,75.81999969482422,79.58999633789062,74.78500366210938,78.04000091552734,2449100
2024-07-26,79.08999633789062,79.2249984741211,77.22000122070312,78.05999755859375,1931600
2024-07-29,78.61000061035156,78.97000122070312,77.16000366210938,77.37000274658203,1841200
2024-07-30,77.2300033569336,78.5,75.55000305175781,76.02999877929688,2103400
2024-07-31,77.80500030517578,78.33999633789062,76.5199966430664,77.5,2308700
2024-08-01,77.16999816894531,78.80000305175781,73.9000015258789,74.4000015258789,5095900
2024-08-02,79.5,80.7300033569336,75.30999755859375,79.45999908447266,10348600
2024-08-05,69.26000213623047,80.1500015258789,69.26000213623047,77.69999694824219,5549500
2024-08-06,78.66999816894531,78.66999816894531,76.18000030517578,76.23999786376953,2462100
2024-08-07,78.75,79.9800033569336,76.18000030517578,76.37000274658203,2442800
2024-08-08,77.44999694824219,77.47000122070312,75.12999725341797,76.81999969482422,1762400
2024-08-09,77.51000213623047,78.9000015258789,76.87000274658203,77.70999908447266,1914700
2024-08-12,78.0,79.0,76.5,76.62999725341797,1429600
2024-08-13,77.13999938964844,81.7699966430664,77.13999938964844,81.75,2143300
2024-08-14,82.30000305175781,83.36000061035156,80.69999694824219,81.45999908447266,1518500
2024-08-15,82.36000061035156,83.44999694824219,81.25,82.16000366210938,1654900
2024-08-16,81.27999877929688,82.83999633789062,80.80000305175781,82.37999725341797,1547300
2024-08-19,82.55000305175781,84.30999755859375,81.80999755859375,84.06999969482422,2054600
2024-08-20,84.30000305175781,84.91999816894531,82.2300033569336,82.33000183105469,1189600
2024-08-21,82.33000183105469,82.51499938964844,81.08999633789062,82.37000274658203,1419900
2024-08-22,82.12000274658203,82.55000305175781,80.61000061035156,80.62999725341797,1567800
2024-08-23,81.18000030517578,82.69999694824219,80.67500305175781,82.38999938964844,1333300
2024-08-26,83.0,84.18000030517578,81.52999877929688,81.63999938964844,1254700
2024-08-27,80.6500015258789,82.69999694824219,80.20999908447266,81.26000213623047,1378600
2024-08-28,80.55000305175781,81.0999984741211,79.11000061035156,79.8499984741211,1105600
2024-08-29,80.44000244140625,82.58999633789062,80.33000183105469,81.27999877929688,1454500
2024-08-30,82.0999984741211,83.69000244140625,81.66000366210938,82.13999938964844,2420800
2024-09-03,81.5999984741211,81.76000213623047,77.19000244140625,78.11000061035156,2240200
2024-09-04,77.0,79.63999938964844,76.5,78.02999877929688,1690400
2024-09-05,77.2699966430664,79.37999725341797,77.1500015258789,78.4000015258789,1235900
2024-09-06,78.63999938964844,79.20999908447266,75.70999908447266,76.05000305175781,1927600
2024-09-09,77.01000213623047,77.70999908447266,76.08999633789062,76.23999786376953,1291800
2024-09-10,76.6500015258789,77.20999908447266,74.87999725341797,76.80999755859375,1603400
2024-09-11,76.48999786376953,78.69999694824219,75.22000122070312,78.55999755859375,2335300
2024-09-12,78.88999938964844,79.83999633789062,77.77300262451172,78.86000061035156,1360800
2024-09-13,79.05000305175781,80.26000213623047,77.91000366210938,78.58999633789062,1339600
2024-09-16,78.1500015258789,80.30999755859375,77.87000274658203,79.93000030517578,1698400
2024-09-17,80.80000305175781,80.80000305175781,77.80999755859375,79.11000061035156,2119400
2024-09-18,79.33999633789062,79.69000244140625,77.5999984741211,78.08999633789062,1582200
2024-09-19,80.08999633789062,82.9000015258789,79.19999694824219,82.83000183105469,3410900
2024-09-20,82.94999694824219,83.33999633789062,81.41999816894531,82.44999694824219,3090100
2024-09-23,82.66999816894531,86.12000274658203,82.5,85.61000061035156,3228800
2024-09-24,86.0999984741211,86.45500183105469,83.76000213623047,85.5,1906700
2024-09-25,85.30999755859375,85.33999633789062,83.4000015258789,83.41000366210938,2325400
2024-09-26,84.80999755859375,84.80999755859375,81.18000030517578,82.36000061035156,3099600
2024-09-27,82.19999694824219,82.69000244140625,81.23999786376953,81.58999633789062,1462700
2024-09-30,80.8499984741211,81.77100372314453,79.38999938964844,80.88999938964844,2195800
2024-10-01,80.05000305175781,80.30000305175781,78.01000213623047,78.11000061035156,2199100
2024-10-02,78.87000274658203,79.80000305175781,77.80000305175781,79.33999633789062,2505500
2024-10-03,78.76000213623047,79.87000274658203,78.0999984741211,79.43000030517578,1531100
2024-10-04,80.0,83.45999908447266,79.5,83.43000030517578,2514300
2024-10-07,83.1500015258789,83.25,80.47000122070312,80.48999786376953,1655700
2024-10-08,79.4800033569336,81.83999633789062,79.16000366210938,81.76000213623047,1182500
2024-10-09,81.94000244140625,84.94999694824219,81.62999725341797,84.94999694824219,1841400
2024-10-10,84.58000183105469,93.69000244140625,84.4800033569336,92.45999908447266,8239500
2024-10-11,92.94000244140625,94.30999755859375,92.0999984741211,93.47000122070312,3841400
2024-10-14,94.9000015258789,96.30000305175781,92.33999633789062,93.75,2795000
2024-10-15,94.0,94.9000015258789,92.56999969482422,93.80000305175781,2497000
2024-10-16,93.6500015258789,93.95999908447266,91.12999725341797,91.33999633789062,2087400
2024-10-17,92.05000305175781,92.16000366210938,90.16999816894531,90.4000015258789,1458600
2024-10-18,90.5199966430664,91.48999786376953,90.11000061035156,90.80000305175781,1628800
2024-10-21,90.16000366210938,92.79000091552734,90.00499725341797,90.73999786376953,1479900
2024-10-22,90.04000091552734,90.37999725341797,87.80000305175781,88.45999908447266,1984700
2024-10-23,88.13999938964844,88.80000305175781,86.9000015258789,87.63999938964844,2050800
2024-10-24,88.19999694824219,90.11000061035156,88.0,89.56999969482422,1768500
2024-10-25,89.81999969482422,90.6500015258789,88.47000122070312,88.76000213623047,1437300
2024-10-28,89.37999725341797,90.08000183105469,87.77999877929688,87.94000244140625,1396700
2024-10-29,88.44000244140625,89.62999725341797,87.33000183105469,89.5199966430664,1441500
2024-10-30,89.5,91.30999755859375,89.35700225830078,89.8499984741211,2402400
2024-10-31,88.29000091552734,88.7300033569336,87.0999984741211,87.70999908447266,2111100
2024-11-01,88.61000061035156,88.69999694824219,86.25700378417969,87.55000305175781,1963800
2024-11-04,87.0,87.76000213623047,85.5999984741211,86.48999786376953,2016900
2024-11-05,86.91999816894531,88.1500015258789,86.42500305175781,87.70999908447266,1920400
2024-11-06,90.25,92.62000274658203,89.81500244140625,92.51000213623047,2938400
2024-11-07,94.88999938964844,97.53299713134766,94.11000061035156,95.66000366210938,7095200
2024-11-08,88.44999694824219,92.19999694824219,87.23999786376953,91.25,7777200
2024-11-11,91.25,95.36000061035156,90.80000305175781,93.2300033569336,5152300
2024-11-12,92.88999938964844,94.0,89.44999694824219,90.91000366210938,2521200
2024-11-13,91.41999816894531,99.16999816894531,91.25,94.16000366210938,5786300
2024-11-14,94.45999908447266,95.44999694824219,91.05999755859375,91.93000030517578,2646400
2024-11-15,90.43000030517578,91.12999725341797,87.7699966430664,89.7699966430664,3373500
2024-11-18,89.9749984741211,92.9000015258789,89.55000305175781,92.29000091552734,3139900
2024-11-19,91.46499633789062,96.55999755859375,91.41999816894531,96.37000274658203,3554800
2024-11-20,96.55999755859375,96.95999908447266,93.16000366210938,96.47000122070312,2368300
2024-11-21,99.76000213623047,104.48999786376953,99.33000183105469,104.23999786376953,5690500
2024-11-22,104.0,105.94000244140625,102.87000274658203,104.2300033569336,3113400
2024-11-25,106.75,106.75,103.0790023803711,103.7300033569336,2816500
2024-11-26,104.0,105.0,101.66999816894531,102.2300033569336,2365100
2024-11-27,101.87999725341797,101.87999725341797,98.58000183105469,99.37000274658203,2340000
2024-11-29,99.55999755859375,101.13999938964844,98.88999938964844,99.83000183105469,1042400
2024-12-02,106.02999877929688,108.61699676513672,104.61000061035156,105.05000305175781,4588400
2024-12-03,103.37000274658203,105.88899993896484,103.20999908447266,104.91000366210938,1699400
2024-12-04,107.0,110.8499984741211,106.94000244140625,110.72000122070312,4434100
2024-12-05,109.41000366210938,112.83999633789062,108.61000061035156,110.45999908447266,3254400
2024-12-06,111.27999877929688,113.69999694824219,110.3499984741211,112.95999908447266,2745300
2024-12-09,112.95999908447266,114.69499969482422,111.27999877929688,113.87000274658203,3199100
2024-12-10,112.80000305175781,113.87000274658203,109.7300033569336,111.19999694824219,2703300
2024-12-11,112.3949966430664,115.83999633789062,112.0,114.51000213623047,2604100
2024-12-12,112.4000015258789,115.12000274658203,111.33000183105469,114.88999938964844,1633000
2024-12-13,114.80000305175781,115.29000091552734,112.61000061035156,113.5999984741211,1927900
2024-12-16,113.9000015258789,115.43000030517578,112.16999816894531,114.6500015258789,2197600
2024-12-17,118.2300033569336,119.41999816894531,116.01000213623047,117.55999755859375,3870400
2024-12-18,117.58000183105469,117.58000183105469,108.47000122070312,109.0999984741211,3932100
2024-12-19,110.37000274658203,111.12999725341797,107.0,108.58000183105469,3150600
2024-12-20,108.0,113.5,107.06999969482422,112.69000244140625,5114600
2024-12-23,112.16000366210938,113.2699966430664,110.52999877929688,111.58000183105469,1635900
2024-12-24,111.75,113.0999984741211,111.7030029296875,112.58000183105469,526500
2024-12-26,112.11000061035156,113.54000091552734,111.55000305175781,112.61000061035156,787100
2024-12-27,111.94499969482422,112.36000061035156,108.20999908447266,110.61000061035156,1496500
2024-12-30,108.66999816894531,109.4000015258789,107.48999786376953,109.02999877929688,1449200
2024-12-31,109.0,109.04000091552734,106.98600006103516,107.68000030517578,1292300
2025-01-02,114.5,114.75,110.68000030517578,112.54000091552734,3973200
2025-01-03,113.4000015258789,114.80000305175781,112.05999755859375,114.7300033569336,3157900
2025-01-06,116.36499786376953,117.08000183105469,112.51499938964844,113.98999786376953,2424500
2025-01-07,116.63999938964844,118.12999725341797,112.94999694824219,113.66999816894531,3628000
2025-01-08,112.43000030517578,115.9000015258789,111.48500061035156,115.69999694824219,3030000
2025-01-10,111.12999725341797,113.25,109.5009994506836,112.62000274658203,2292000
2025-01-13,110.03500366210938,111.16000366210938,108.58499908447266,110.70999908447266,2125900
2025-01-14,112.45999908447266,113.9000015258789,111.31999969482422,112.0,1928000
2025-01-15,113.55999755859375,115.5199966430664,113.13999938964844,114.4800033569336,2293300
2025-01-16,115.41999816894531,116.47000122070312,114.11000061035156,114.81999969482422,2058800
2025-01-17,119.41999816894531,121.0199966430664,116.7750015258789,117.16000366210938,3544100
2025-01-21,119.26000213623047,120.44999694824219,117.94000244140625,119.8499984741211,2700700
2025-01-22,120.70500183105469,123.12999725341797,119.87000274658203,123.08999633789062,2523900
2025-01-23,122.98999786376953,124.63999938964844,122.0,123.93000030517578,2602900
2025-01-24,125.0,125.70999908447266,123.27999877929688,125.12000274658203,2109700
2025-01-27,121.75,130.64500427246094,121.5,126.47000122070312,3994200
2025-01-28,128.8300018310547,140.25,125.6709976196289,139.97999572753906,7638300
2025-01-29,137.83999633789062,138.11000061035156,134.23800659179688,136.44000244140625,4315400
2025-01-30,137.25,139.5970001220703,135.8300018310547,137.25999450683594,2962700
2025-01-31,138.72999572753906,142.41000366210938,138.1300048828125,138.39999389648438,3240100
2025-02-03,133.0,138.6199951171875,130.09500122070312,136.83999633789062,4292100
2025-02-04,139.52000427246094,141.6699981689453,137.99400329589844,140.13999938964844,3021600
2025-02-05,139.77999877929688,144.3000030517578,139.0399932861328,144.2899932861328,3480700
2025-02-06,142.94000244140625,144.0,140.52999877929688,141.52000427246094,6808700
2025-02-07,153.5,171.3800048828125,152.3300018310547,166.66000366210938,15078000
2025-02-10,167.5,176.72500610351562,164.52999877929688,172.49000549316406,6849200
2025-02-11,170.0,174.89999389648438,168.5,172.5500030517578,4238200
2025-02-12,171.69000244140625,173.25,169.1699981689453,172.8300018310547,3207500
2025-02-13,173.9199981689453,176.50999450683594,171.75999450683594,176.5,2796800
2025-02-14,175.5,177.3679962158203,170.9199981689453,171.16000366210938,3558500
2025-02-18,166.44500732421875,170.37600708007812,164.3300018310547,168.80999755859375,5179400
2025-02-19,166.30999755859375,167.69200134277344,159.88999938964844,160.58999633789062,5541700
2025-02-20,158.25,158.25999450683594,151.83999633789062,156.3800048828125,5716500
2025-02-21,156.82000732421875,158.05799865722656,150.39999389648438,151.9600067138672,3654500
2025-02-24,151.22000122070312,151.6199951171875,144.3800048828125,148.0,4364400
2025-02-25,146.6999969482422,147.60000610351562,140.22000122070312,143.13999938964844,3851200
2025-02-26,145.27000427246094,146.8800048828125,144.0500030517578,144.9199981689453,2990600
2025-02-27,148.0,150.69000244140625,140.64999389648438,140.72000122070312,2901900
2025-02-28,140.0,145.7100067138672,137.94000244140625,145.3000030517578,4614400
2025-03-03,145.9499969482422,149.16000366210938,141.72000122070312,142.91000366210938,4735100
2025-03-04,135.25,144.27999877929688,132.80999755859375,140.92999267578125,5066400
2025-03-05,140.05999755859375,143.96499633789062,137.24000549316406,143.75,2629100
2025-03-06,140.13999938964844,141.89999389648438,129.72000122070312,131.02000427246094,4493200
2025-03-07,129.92999267578125,132.36000061035156,121.0250015258789,126.75,5757300
2025-03-10,122.92500305175781,122.92500305175781,113.83000183105469,116.61000061035156,6514800
2025-03-11,116.58499908447266,123.36000061035156,116.51000213623047,120.06999969482422,5899700
2025-03-12,124.97000122070312,126.0,116.0,119.4000015258789,6783500
2025-03-13,115.48999786376953,116.5999984741211,111.0199966430664,113.69999694824219,4525100
2025-03-14,115.38999938964844,117.79000091552734,114.5,116.1500015258789,3266900
2025-03-17,115.66999816894531,118.05000305175781,115.29000091552734,116.0199966430664,2793500
2025-03-18,115.4800033569336,116.16000366210938,111.91000366210938,115.12000274658203,2447200
2025-03-19,115.76000213623047,119.18000030517578,113.91999816894531,117.58000183105469,2976700
2025-03-20,117.62999725341797,120.55999755859375,116.68000030517578,117.94000244140625,2476700
2025-03-21,116.30000305175781,119.56999969482422,115.11399841308594,119.22000122070312,4325300
2025-03-24,122.62999725341797,124.95800018310547,121.1500015258789,123.93000030517578,3111500
2025-03-25,131.7899932861328,132.41000366210938,126.05999755859375,127.5,6072400
2025-03-26,127.52999877929688,127.7020034790039,120.4000015258789,121.1500015258789,2559800
2025-03-27,119.0,121.0999984741211,115.80799865722656,118.56999969482422,2272800
2025-03-28,117.30000305175781,117.84300231933594,112.4000015258789,114.91999816894531,3142900
2025-03-31,110.25,112.9020004272461,106.0999984741211,112.69000244140625,4112700
2025-04-01,114.16500091552734,115.7300033569336,111.33999633789062,115.66000366210938,3443100
2025-04-02,112.57499694824219,120.32499694824219,112.5,119.55000305175781,4236300
2025-04-03,112.5999984741211,113.22000122070312,105.30400085449219,107.38999938964844,4932100
2025-04-04,101.25,102.5,94.16000366210938,97.08000183105469,6615000
2025-04-07,90.9749984741211,103.38999938964844,89.41999816894531,98.36000061035156,6550000
2025-04-08,103.58999633789062,105.26499938964844,95.79000091552734,97.44999694824219,5387200
2025-04-09,97.23500061035156,115.41999816894531,96.41000366210938,112.55999755859375,7228600
2025-04-10,108.29000091552734,108.9800033569336,102.0999984741211,105.5,3856000
2025-04-11,105.56500244140625,107.2699966430664,102.83499908447266,106.25,3133400
2025-04-14,110.0,111.69000244140625,106.0999984741211,107.12000274658203,2540100
2025-04-15,107.16999816894531,110.29000091552734,106.18000030517578,109.13999938964844,2015100
2025-04-16,109.0250015258789,113.66000366210938,107.68000030517578,109.55000305175781,4085400
2025-04-17,110.80000305175781,110.9000015258789,106.80000305175781,107.9000015258789,1931800
2025-04-21,105.66000366210938,106.44000244140625,100.25,102.11000061035156,2377400
2025-04-22,104.19999694824219,107.43000030517578,103.0,106.80999755859375,2483300
2025-04-23,113.18000030517578,118.0,112.12000274658203,112.80000305175781,3592200
2025-04-24,112.9000015258789,119.66000366210938,112.9000015258789,118.87000274658203,2607300
2025-04-25,117.88600158691406,121.08999633789062,117.83000183105469,121.0,2596700
2025-04-28,121.41000366210938,122.5,118.06199645996094,121.0,2069800
2025-04-29,120.88999938964844,122.87000274658203,120.48999786376953,122.2300033569336,1710200
2025-04-30,118.70999908447266,120.93000030517578,117.07499694824219,120.77999877929688,2646900
2025-05-01,125.69999694824219,125.9800033569336,122.5,122.61000061035156,3230800
2025-05-02,125.11499786376953,126.05000305175781,123.41999816894531,124.2300033569336,2625200
2025-05-05,122.58999633789062,126.24500274658203,122.38999938964844,124.63999938964844,2837400
2025-05-06,122.0,123.48100280761719,120.45500183105469,122.29000091552734,2596700
2025-05-07,122.08000183105469,122.73999786376953,120.55000305175781,121.70999908447266,2141500
2025-05-08,123.80999755859375,126.2699966430664,121.45500183105469,124.30999755859375,5434900
2025-05-09,133.6199951171875,136.38999938964844,130.1999969482422,132.33999633789062,9048300
2025-05-12,139.0,143.27999877929688,136.32000732421875,142.36000061035156,5052300
2025-05-13,143.4199981689453,151.32000732421875,143.0,150.36000061035156,5130100
2025-05-14,152.0,154.6199951171875,150.4499969482422,154.49000549316406,4488300
2025-05-15,152.94000244140625,154.47000122070312,150.593994140625,152.8000030517578,2942200
2025-05-16,152.68499755859375,157.50999450683594,152.41000366210938,157.19000244140625,5379700
2025-05-19,154.44000244140625,158.6699981689453,154.02999877929688,157.52000427246094,3505800
2025-05-20,156.3000030517578,157.8800048828125,155.27699279785156,157.4199981689453,2705500
2025-05-21,156.13999938964844,160.20899963378906,155.2100067138672,156.52000427246094,2817600
2025-05-22,157.36000061035156,160.47999572753906,155.89999389648438,158.2100067138672,2084700
2025-05-23,155.1699981689453,159.17999267578125,154.92999267578125,158.0399932861328,1677300
2025-05-27,160.0,162.8000030517578,159.2760009765625,161.75999450683594,2908400
2025-05-28,162.0,163.00999450683594,161.2899932861328,161.97999572753906,3388200
2025-05-29,164.80999755859375,165.49000549316406,159.75999450683594,164.16000366210938,3110500
2025-05-30,163.6199951171875,166.52000427246094,161.1199951171875,165.88999938964844,3895300
2025-06-02,165.0,170.0,162.27499389648438,169.6999969482422,2694400
2025-06-03,169.82000732421875,173.19000244140625,167.72999572753906,172.57000732421875,2724200
2025-06-04,172.5800018310547,174.48699951171875,170.6199951171875,170.9199981689453,2294800
2025-06-05,172.0,181.11599731445312,170.74000549316406,176.3300018310547,5247500
2025-06-06,178.38999938964844,181.80999755859375,176.14999389648438,179.6699981689453,2773500
2025-06-09,180.2100067138672,180.2100067138672,173.14999389648438,177.8000030517578,2637400
2025-06-10,179.47999572753906,181.8000030517578,176.2899932861328,179.33999633789062,2836300
2025-06-11,179.0,181.5,177.43499755859375,179.7100067138672,2259500
2025-06-12,176.0,181.49000549316406,168.1199951171875,170.80999755859375,7894000
2025-06-13,167.125,173.91000366210938,167.125,171.97000122070312,6261000
2025-06-16,174.11500549316406,179.47000122070312,173.8040008544922,179.27000427246094,4303600
2025-06-17,178.27000427246094,182.58999633789062,176.02000427246094,181.22999572753906,3658600
2025-06-18,181.72000122070312,182.97999572753906,178.86000061035156,181.39999389648438,2952100
2025-06-20,182.25,184.8459930419922,178.88999938964844,179.3000030517578,2667400
2025-06-23,178.61000061035156,184.92999267578125,175.25,183.8699951171875,3419000
2025-06-24,185.9600067138672,187.89999389648438,183.61000061035156,186.42999267578125,2027500
2025-06-25,187.6699981689453,192.0,187.41000366210938,190.1199951171875,2630300
2025-06-26,192.0,192.4600067138672,188.35000610351562,190.9600067138672,2271400
2025-06-27,191.7100067138672,194.7100067138672,189.0,194.0500030517578,4904700
2025-06-30,195.55499267578125,196.1999969482422,192.32000732421875,195.8300018310547,2898100
2025-07-01,195.3000030517578,198.00999450683594,180.64999389648438,184.9499969482422,5634000
2025-07-02,182.96499633789062,187.11300659179688,181.64100646972656,185.63999938964844,3190600
2025-07-03,185.85000610351562,191.85000610351562,185.85000610351562,191.27000427246094,1848800
2025-07-07,190.3300018310547,194.14999389648438,188.8000030517578,192.85000610351562,2171600
2025-07-08,194.0,194.88999938964844,187.77000427246094,192.80999755859375,2444000
2025-07-09,194.4199981689453,195.89999389648438,192.25,193.49000549316406,2347900
2025-07-10,194.0800018310547,194.48500061035156,179.5500030517578,181.9199981689453,3861800
2025-07-11,182.42999267578125,185.3800048828125,180.10899353027344,181.38999938964844,2781800
2025-07-14,179.94000244140625,184.89999389648438,178.50599670410156,182.89999389648438,2759200
2025-07-15,184.24000549316406,187.75,180.6999969482422,186.97000122070312,2619900
2025-07-16,188.77000427246094,190.1199951171875,186.0800018310547,189.80999755859375,3095800
2025-07-17,190.47999572753906,193.10000610351562,189.0850067138672,191.25,3594100
2025-07-18,191.7100067138672,197.35000610351562,191.5279998779297,197.35000610351562,4216600
2025-07-21,198.3000030517578,200.76499938964844,195.0399932861328,197.75999450683594,3624200
2025-07-22,196.6300048828125,197.22000122070312,188.64999389648438,190.5500030517578,3961400
2025-07-23,190.02000427246094,190.8300018310547,186.0800018310547,189.14999389648438,2861500
2025-07-24,190.1999969482422,192.6199951171875,186.72000122070312,191.5800018310547,2623000
2025-07-25,191.89999389648438,200.00999450683594,191.5800018310547,198.4199981689453,2698700
2025-07-28,200.91000366210938,202.33999633789062,198.6199951171875,199.41000366210938,3517600
2025-07-29,200.0,202.36000061035156,197.67999267578125,199.42999267578125,2834700
2025-07-30,200.4499969482422,203.0800018310547,199.0,200.85000610351562,2735000
2025-07-31,204.77000427246094,210.97999572753906,203.0,207.67999267578125,6792800
2025-08-01,198.66000366210938,211.27000427246094,192.8000030517578,200.11000061035156,6449400
2025-08-04,204.57000732421875,211.75,202.7100067138672,208.8000030517578,3658200
2025-08-05,209.0,215.5800018310547,204.6999969482422,207.80999755859375,3039500
2025-08-06,209.4499969482422,215.5500030517578,208.47500610351562,215.52999877929688,2325100
2025-08-07,218.16000366210938,219.0,204.3300018310547,210.44000244140625,2702100
2025-08-08,210.58999633789062,211.7899932861328,204.1999969482422,204.60000610351562,1767200
2025-08-11,202.11000061035156,206.1199951171875,200.10000610351562,201.1699981689453,2066400
2025-08-12,202.47000122070312,204.0,197.22999572753906,202.3300018310547,2247700
2025-08-13,204.0,204.52000427246094,195.85499572753906,199.33999633789062,2746000
2025-08-14,195.97000122070312,198.16600036621094,192.9550018310547,195.3800048828125,2535700
2025-08-15,195.6300048828125,202.89999389648438,195.0,200.91000366210938,2121900
2025-08-18,199.99000549316406,203.30999755859375,196.55999755859375,202.3699951171875,2203800
2025-08-19,201.7899932861328,203.0,193.50999450683594,196.50999450683594,2190800
2025-08-20,195.0,195.5,184.52000427246094,193.1999969482422,3190600
2025-08-21,191.0,193.49000549316406,190.2899932861328,192.77000427246094,1667000
2025-08-22,192.3000030517578,197.99000549316406,190.4759979248047,196.1699981689453,1416700
2025-08-25,196.5,197.4600067138672,194.1300048828125,195.8800048828125,1246500
2025-08-26,196.39999389648438,201.5,195.94000244140625,198.5500030517578,2750300
2025-08-27,201.39999389648438,205.64999389648438,199.75999450683594,205.24000549316406,2433600
2025-08-28,205.8000030517578,215.64999389648438,205.8000030517578,213.4199981689453,2733100
2025-08-29,212.47999572753906,214.4340057373047,206.0,208.7100067138672,2095100
2025-09-02,202.64999389648438,208.7100067138672,199.38999938964844,208.0500030517578,1894000
2025-09-03,208.77999877929688,208.9709930419922,203.86000061035156,205.7100067138672,1382400
2025-09-04,204.99000549316406,211.13999938964844,200.6699981689453,209.97999572753906,1780000
2025-09-05,212.11000061035156,214.7100067138672,208.4600067138672,214.42999267578125,1638300
2025-09-08,216.6999969482422,220.99000549316406,216.22999572753906,217.9199981689453,2390300
2025-09-09,217.9199981689453,219.1999969482422,214.85000610351562,218.55999755859375,1671500
2025-09-10,219.97000122070312,225.2899932861328,219.50999450683594,222.97000122070312,2216000
2025-09-11,224.89999389648438,230.10000610351562,223.08999633789062,224.63999938964844,3132400
2025-09-12,223.8000030517578,225.52000427246094,220.42999267578125,221.32000732421875,1554100
2025-09-15,220.57000732421875,229.5399932861328,220.50999450683594,226.00999450683594,1878500
2025-09-16,225.0,225.16200256347656,218.38999938964844,219.24000549316406,2579600
2025-09-17,219.64999389648438,220.19000244140625,208.59100341796875,213.8800048828125,3407100
2025-09-18,216.75,223.80999755859375,215.82000732421875,223.57000732421875,3028400
2025-09-19,224.0,227.6199951171875,222.17999267578125,225.94000244140625,4004100
2025-09-22,224.52499389648438,230.10000610351562,222.75999450683594,228.27999877929688,2636200
2025-09-23,228.33999633789062,228.33999633789062,219.5500030517578,223.25999450683594,2005600
2025-09-24,226.0,226.98500061035156,217.22000122070312,217.57000732421875,2318900
2025-09-25,213.64999389648438,219.2899932861328,210.8699951171875,218.1999969482422,2810600
2025-09-26,218.00999450683594,220.0,213.5500030517578,216.33999633789062,1888400
2025-09-29,218.94000244140625,219.875,216.33999633789062,218.5800018310547,1852300
2025-09-30,218.83999633789062,218.83999633789062,211.36000061035156,214.58999633789062,1868900
2025-10-01,213.25,218.99000549316406,212.1699981689453,217.05999755859375,2326000
2025-10-02,219.0500030517578,224.81500244140625,215.36599731445312,224.55999755859375,2208800
2025-10-03,225.0,225.0,212.0,216.6699981689453,2428200
2025-10-06,219.5,225.37100219726562,219.21499633789062,221.02999877929688,1957500
2025-10-07,222.0,222.22000122070312,213.67999267578125,217.38999938964844,2138900
2025-10-08,218.7100067138672,221.99000549316406,216.1999969482422,220.0,1970600
2025-10-09,218.75999450683594,221.52200317382812,214.3000030517578,220.9499969482422,1478400
2025-10-10,222.1199951171875,226.9499969482422,213.14999389648438,213.82000732421875,2118500
2025-10-13,217.25999450683594,223.6999969482422,215.85000610351562,222.55999755859375,1824300
2025-10-14,217.3300018310547,217.9600067138672,210.3300018310547,217.5500030517578,2645700
2025-10-15,220.99000549316406,225.00999450683594,217.25999450683594,217.3800048828125,2168000
2025-10-16,218.77999877929688,221.4600067138672,209.13999938964844,211.39999389648438,2588400
2025-10-17,208.22500610351562,210.0800018310547,203.50999450683594,210.00999450683594,3070700
2025-10-20,212.41000366210938,213.4499969482422,208.8000030517578,213.0399932861328,2008000
2025-10-21,213.19500732421875,213.72999572753906,208.1699981689453,212.97999572753906,1395400
2025-10-22,211.9199981689453,213.8300018310547,206.2899932861328,210.72999572753906,1684700
2025-10-23,210.72999572753906,217.2899932861328,210.00999450683594,217.16000366210938,2108000
2025-10-24,220.10000610351562,222.1300048828125,217.75999450683594,217.85000610351562,1357700
2025-10-27,222.44000244140625,225.44000244140625,219.2899932861328,225.11000061035156,2085900
2025-10-28,226.25,228.1999969482422,223.75,223.99000549316406,1864300
2025-10-29,224.64999389648438,227.92999267578125,223.00999450683594,227.3800048828125,2253200
2025-10-30,226.13999938964844,231.1300048828125,222.25,222.5,5282000
2025-10-31,236.5,254.3000030517578,234.0,253.3000030517578,9483100
2025-11-03,254.91000366210938,260.0,245.1199951171875,248.11000061035156,4317100
2025-11-04,240.25,245.6300048828125,231.77999877929688,232.91000366210938,3505700
2025-11-05,232.92999267578125,233.61500549316406,228.22000122070312,228.50999450683594,2451600
2025-11-06,229.875,230.89500427246094,221.2100067138672,225.89999389648438,2786900
2025-11-07,222.82000732421875,233.0800018310547,218.42999267578125,232.80999755859375,2865800
2025-11-10,238.64999389648438,244.5,238.64999389648438,240.52999877929688,2848400
2025-11-11,238.5800018310547,241.05799865722656,234.72999572753906,234.9499969482422,1977000
2025-11-12,235.8350067138672,236.25999450683594,223.8000030517578,225.67999267578125,2851300
2025-11-13,223.7449951171875,224.4429931640625,213.22999572753906,213.5399932861328,2666300
2025-11-14,209.9499969482422,215.23500061035156,204.18600463867188,210.60000610351562,3875100
2025-11-17,213.44000244140625,213.6999969482422,201.38999938964844,202.25,4094600
2025-11-18,187.47500610351562,200.5399932861328,187.47500610351562,196.52999877929688,8770300
2025-11-19,197.0,197.74000549316406,193.10000610351562,196.1999969482422,4017900
2025-11-20,204.47000122070312,204.47000122070312,189.7899932861328,191.38999938964844,3201100
2025-11-21,191.59500122070312,191.59500122070312,181.16000366210938,186.3800048828125,3322100
2025-11-24,187.86500549316406,194.16000366210938,187.4600067138672,193.99000549316406,4524200
2025-11-25,193.5,197.8000030517578,185.22999572753906,197.49000549316406,3120000
2025-11-26,198.07000732421875,199.7899932861328,195.11000061035156,196.99000549316406,2259900
2025-11-28,198.22000122070312,201.84800720214844,197.6199951171875,200.2100067138672,989400
2025-12-01,197.3300018310547,199.91000366210938,195.13999938964844,197.1999969482422,2114700
2025-12-02,203.6199951171875,207.17999267578125,200.8000030517578,201.25999450683594,2493400
2025-12-03,199.6999969482422,204.80999755859375,198.0500030517578,204.35000610351562,1496900
2025-12-04,203.80999755859375,205.5800018310547,200.6699981689453,204.14999389648438,1446800
2025-12-05,203.7010040283203,205.30999755859375,199.52000427246094,200.9499969482422,1744400
2025-12-08,202.88999938964844,207.1699981689453,201.7899932861328,205.86000061035156,1308900
2025-12-09,205.0050048828125,210.25999450683594,204.16000366210938,208.92999267578125,1905500
2025-12-10,208.74000549316406,215.3000030517578,204.94500732421875,213.4600067138672,2931700
2025-12-11,211.02000427246094,211.6300048828125,203.25999450683594,207.9499969482422,2316100
2025-12-12,207.27999877929688,207.6999969482422,199.7100067138672,202.44000244140625,2109600
2025-12-15,203.10000610351562,203.6199951171875,196.4499969482422,196.6999969482422,2033800
2025-12-16,195.0500030517578,198.49000549316406,194.14999389648438,197.52999877929688,2157800
2025-12-17,198.8000030517578,198.8000030517578,191.0800018310547,191.42999267578125,2147200
2025-12-18,194.75999450683594,196.35000610351562,193.19000244140625,193.8300018310547,1875300
2025-12-19,194.5,197.50999450683594,193.30999755859375,195.67999267578125,4360800
2025-12-22,198.60000610351562,203.6999969482422,197.5,202.05999755859375,2694700
2025-12-23,200.9199981689453,203.14999389648438,197.0,202.0800018310547,1452900
2025-12-24,200.60000610351562,203.25,198.7899932861328,202.66000366210938,738600
2025-12-26,202.1699981689453,203.39999389648438,200.30999755859375,202.38999938964844,1107700
2025-12-29,199.97999572753906,202.76499938964844,199.0,200.6999969482422,1425800
2025-12-30,199.17999267578125,201.3800048828125,199.0,199.6199951171875,761000
2025-12-31,200.25,201.1999969482422,196.93499755859375,197.14999389648438,1277200
2026-01-02,198.89999389648438,200.3000030517578,193.13999938964844,196.02000427246094,1662800
2026-01-05,195.63999938964844,205.1999969482422,194.94000244140625,197.66000366210938,2227600
2026-01-06,199.05999755859375,199.05999755859375,191.64999389648438,198.0,2485200
2026-01-07,199.9949951171875,204.6199951171875,197.77000427246094,202.80999755859375,2155600
2026-01-08,201.7100067138672,201.89999389648438,185.80999755859375,186.9600067138672,3871800
2026-01-09,186.00999450683594,188.2949981689453,182.42999267578125,182.77999877929688,2683500
2026-01-12,181.0,187.55999755859375,180.22999572753906,186.38999938964844,2436200
2026-01-13,187.17999267578125,189.73899841308594,185.35000610351562,188.7100067138672,2196100
2026-01-14,187.80999755859375,192.75999450683594,185.27999877929688,188.38999938964844,3014200
2026-01-15,190.00999450683594,191.7899932861328,184.10000610351562,184.13999938964844,2675900
2026-01-16,184.49000549316406,188.4600067138672,181.35000610351562,184.1699981689453,2289600
2026-01-20,177.75,183.60000610351562,175.25,177.4199981689453,3613400
2026-01-21,177.1699981689453,178.4499969482422,169.4499969482422,169.97000122070312,5105900
2026-01-22,173.36000061035156,175.55499267578125,168.94000244140625,173.3000030517578,4278200
2026-01-23,174.9600067138672,178.6699981689453,172.32000732421875,173.44000244140625,3652100
2026-01-26,184.89500427246094,194.88999938964844,183.64999389648438,189.35000610351562,7867800
2026-01-27,212.02499389648438,218.22000122070312,205.1999969482422,205.9499969482422,12530700
2026-01-28,206.0,206.22500610351562,183.91000366210938,184.8800048828125,8947100
2026-01-29,186.27000427246094,187.0,175.07000732421875,180.38999938964844,5966000
2026-01-30,179.58999633789062,181.24000549316406,175.6300048828125,177.35000610351562,3497600
2026-02-02,176.28500366210938,185.22000122070312,174.8000030517578,182.4199981689453,4382000
2026-02-03,181.6649932861328,181.6649932861328,163.91000366210938,170.30999755859375,7647200
2026-02-04,172.61000061035156,175.77999877929688,162.22000122070312,166.8800048828125,7490900
2026-02-05,165.8249969482422,172.5800018310547,162.00999450683594,163.0500030517578,5936200
2026-02-06,165.3699951171875,173.66000366210938,160.35000610351562,173.2100067138672,5383700
2026-02-09,173.17999267578125,175.75999450683594,169.02000427246094,173.75,4666000
2026-02-10,179.1999969482422,184.11000061035156,174.88999938964844,179.97999572753906,11424000
2026-02-11,203.0500030517578,203.6199951171875,185.72999572753906,189.41000366210938,15668300
2026-02-12,191.0,200.5,181.47000122070312,185.1699981689453,7640400
2026-02-13,186.6199951171875,198.8699951171875,184.4499969482422,195.85000610351562,6699000
2026-02-17,195.0,201.66099548339844,189.5,193.67999267578125,5822100
2026-02-18,192.60000610351562,194.35000610351562,185.2100067138672,191.44000244140625,3459100
2026-02-19,188.8300018310547,193.6699981689453,183.3300018310547,192.63999938964844,3001600
2026-02-20,190.61000061035156,195.19000244140625,176.70899963378906,177.13999938964844,6606200
2026-02-23,174.83999633789062,176.73500061035156,158.8300018310547,160.19000244140625,8524600
2026-02-24,159.5,167.24000549316406,159.1300048828125,163.80999755859375,4803900
2026-02-25,163.7899932861328,173.25999450683594,162.52999877929688,171.8000030517578,3881300
2026-02-26,173.99000549316406,177.5,170.24000549316406,174.66000366210938,4101600
2026-02-27,170.0,172.25,166.67999267578125,172.19000244140625,4441800
2026-03-02,167.64999389648438,181.10000610351562,167.64999389648438,181.02000427246094,3356200
2026-03-03,176.58999633789062,181.6999969482422,171.6199951171875,178.91000366210938,2782200
2026-03-04,179.99000549316406,187.36500549316406,178.5500030517578,185.88999938964844,2744300
2026-03-05,185.2949981689453,193.55999755859375,184.63999938964844,192.30999755859375,3823600
2026-03-06,190.0,196.38999938964844,187.99899291992188,195.19000244140625,2863000
2026-03-09,192.19000244140625,203.875,192.19000244140625,201.47999572753906,4229900
2026-03-10,202.80999755859375,209.91000366210938,198.00999450683594,207.49000549316406,4181400
2026-03-11,208.26499938964844,215.3800048828125,207.27999877929688,213.0,3418800
2026-03-12,212.1699981689453,217.25999450683594,210.02499389648438,212.11000061035156,3602100
2026-03-13,213.10000610351562,217.72999572753906,208.16000366210938,212.4499969482422,2542900
2026-03-16,210.86500549316406,213.02999877929688,207.27999877929688,207.3300018310547,3311600
2026-03-17,206.4199981689453,214.8000030517578,206.0,211.52000427246094,2954300
2026-03-18,211.11000061035156,229.14999389648438,210.25,225.47999572753906,5973000
2026-03-19,223.0,227.55999755859375,219.625,221.36000061035156,3846000
2026-03-20,221.7100067138672,225.13999938964844,214.63999938964844,215.4199981689453,3927900
2026-03-23,216.4199981689453,225.97999572753906,214.0800018310547,220.64999389648438,3940200
2026-03-24,220.1699981689453,221.49000549316406,212.94000244140625,213.14999389648438,3290500
2026-03-25,218.0,225.97000122070312,214.8179931640625,218.0,3236100
2026-03-26,216.0,219.97999572753906,206.8000030517578,210.1300048828125,4060200
2026-03-27,205.0,207.7899932861328,200.02000427246094,203.02000427246094,3753700
2026-03-30,204.5,209.50999450683594,191.2899932861328,194.6300048828125,3961100
2026-03-31,197.0,206.77999877929688,194.66000366210938,206.33999633789062,4159900
2026-04-01,210.6699981689453,210.86000061035156,203.24000549316406,205.42999267578125,2259400
2026-04-02,201.5,212.16000366210938,200.10000610351562,211.69000244140625,2101600
2026-04-06,210.25999450683594,214.94000244140625,207.4600067138672,211.77999877929688,1987000
2026-04-07,211.0,216.33999633789062,208.1300048828125,216.2899932861328,3731100
2026-04-08,225.0,225.1300048828125,209.1999969482422,211.25,4120500
2026-04-09,211.0,211.48500061035156,177.74000549316406,193.0500030517578,11428300
2026-04-10,193.2100067138672,193.60000610351562,164.0500030517578,166.99000549316406,13738400
2026-04-13,170.0,184.32000732421875,168.00999450683594,184.02000427246094,6596900
2026-04-14,184.8699951171875,188.72999572753906,177.3300018310547,178.64999389648438,4888900
2026-04-15,184.5,190.8800048828125,182.0,190.1300048828125,5285600
2026-04-16,194.33999633789062,203.75999450683594,191.5019989013672,197.3800048828125,5330700
2026-04-17,199.6300048828125,201.0500030517578,193.5,200.99000549316406,3635300
2026-04-20,199.0,205.2550048828125,195.1999969482422,204.80999755859375,2608800
2026-04-21,206.3300018310547,211.38999938964844,204.82000732421875,207.6699981689453,2628600
2026-04-22,209.1300048828125,211.9499969482422,206.00999450683594,207.55999755859375,2055100
2026-04-23,202.0749969482422,207.47999572753906,198.5,205.0,2426700
2026-04-24,204.97000122070312,208.9550018310547,201.4499969482422,207.07000732421875,2076600
2026-04-27,206.77999877929688,214.97999572753906,204.4199981689453,212.36000061035156,3503600
2026-04-28,211.7100067138672,216.5,207.92999267578125,208.5,3291000
2026-04-29,207.3000030517578,214.82000732421875,204.0,211.97000122070312,2349200
2026-04-30,211.3300018310547,211.3300018310547,199.6699981689453,204.97000122070312,3053700
2026-05-01,210.85000610351562,218.27999877929688,209.0,217.5,2993700
2026-05-04,219.5500030517578,224.22999572753906,217.47999572753906,224.1699981689453,2781400
2026-05-05,231.05999755859375,248.9199981689453,229.08999633789062,244.42999267578125,7171700
2026-05-06,242.44000244140625,250.97000122070312,234.75999450683594,248.58999633789062,4746700
2026-05-07,251.9949951171875,258.8800048828125,248.6199951171875,256.7900085449219,8959600
2026-05-08,217.22000122070312,219.0,192.27000427246094,196.1300048828125,18919100
2026-05-11,195.39500427246094,204.27000427246094,192.50100708007812,193.52000427246094,6525300
2026-05-12,193.97000122070312,194.38999938964844,186.57000732421875,186.7899932861328,5581000
2026-05-13,185.75,194.66000366210938,185.75,192.6199951171875,4262400
2026-05-14,193.33999633789062,201.99000549316406,190.5,199.80999755859375,4096800
2026-05-15,197.75999450683594,201.1699981689453,194.0,197.55999755859375,3386400
2026-05-18,194.16000366210938,203.5050048828125,192.8000030517578,201.75,3399500
2026-05-19,203.25,208.6699981689453,200.4199981689453,206.72999572753906,3576700
2026-05-20,204.22000122070312,210.97999572753906,202.4199981689453,210.1300048828125,2996300
2026-05-21,210.49000549316406,213.7449951171875,206.60000610351562,212.64999389648438,2794400
2026-05-22,214.60000610351562,216.7899932861328,211.07000732421875,216.1699981689453,2109300
2026-05-26,216.25,221.11000061035156,208.24000549316406,217.5399932861328,3458300
2026-05-27,212.22999572753906,215.35000610351562,208.0,209.22000122070312,3063900
2026-05-28,214.5,228.27000427246094,213.3000030517578,228.11000061035156,4569100
2026-05-29,233.38999938964844,243.6699981689453,228.5399932861328,241.82000732421875,5734000
2026-06-01,244.0,271.20001220703125,242.3699951171875,270.82000732421875,8457300
2026-06-02,262.77398681640625,274.6300048828125,262.5329895019531,272.6600036621094,4887100
2026-06-03,270.0,270.2300109863281,260.739990234375,265.3299865722656,3905000
2026-06-04,260.0,276.81500244140625,253.94000244140625,268.6400146484375,4418500
2026-06-05,267.8699951171875,268.82000732421875,246.94000244140625,250.11000061035156,4735500
2026-06-08,253.16000366210938,254.6999969482422,246.0,247.7899932861328,3180400
2026-06-09,245.89500427246094,249.2449951171875,228.02999877929688,236.1300048828125,4980400
2026-06-10,233.46499633789062,236.88999938964844,219.0800018310547,219.6699981689453,5552200
2026-06-11,218.3350067138672,228.82000732421875,216.5,227.44000244140625,3133400
2026-06-12,229.9499969482422,231.89999389648438,222.02000427246094,228.47999572753906,2262000
2026-06-15,229.34500122070312,239.0,227.0449981689453,235.7100067138672,3359300
2026-06-16,233.74000549316406,238.8300018310547,229.0,230.97000122070312,2690600
2026-06-17,231.1300048828125,236.07000732421875,226.85000610351562,226.8699951171875,2658700
2026-06-18,225.5399932861328,225.5399932861328,216.02999877929688,224.05999755859375,4440900
2026-06-22,222.07000732421875,225.5800018310547,212.32000732421875,218.3800048828125,3377800
2026-06-23,215.16000366210938,230.11000061035156,214.60000610351562,224.94000244140625,2890600
2026-06-24,223.08999633789062,228.35000610351562,220.91000366210938,223.47999572753906,2282900
2026-06-25,221.38999938964844,227.57000732421875,216.0399932861328,226.64999389648438,2975500
2026-06-26,225.8800048828125,236.5399932861328,220.9499969482422,237.24000549316406,6158052
